customerID,gender,SeniorCitizen,Partner,Dependents,tenure,PhoneService,InternetService,Contract,PaperlessBilling,PaymentMethod,MonthlyCharges,TotalCharges,Churn
7590-VHVEG,Female,0,Yes,No,1,No,DSL,Month-to-month,Yes,Electronic check,29.85,29.85,No
5575-GNVDE,Male,0,No,No,34,Yes,DSL,One year,No,Mailed check,56.95,1889.5,No
3668-QPYBK,Male,0,No,No,2,Yes,DSL,Month-to-month,Yes,Mailed check,53.85,108.15,Yes
7795-CFOCW,Male,0,No,No,45,No,DSL,One year,No,Bank transfer (automatic),42.3,1840.75,No
9237-HQITU,Female,0,No,No,2,Yes,Fiber optic,Month-to-month,Yes,Electronic check,70.7,151.65,Yes
9305-CDKOK,Female,0,No,No,8,Yes,Fiber optic,Month-to-month,Yes,Electronic check,99.65,820.5,Yes
1452-KVOXZ,Male,0,No,Yes,22,Yes,Fiber optic,Month-to-month,Yes,Credit card (automatic),89.1,1949.4,No
6713-OKOMC,Female,0,No,No,10,No,DSL,Month-to-month,No,Mailed check,29.75,301.9,No
7892-POOKP,Female,0,Yes,No,28,Yes,Fiber optic,Month-to-month,Yes,Electronic check,104.8,3046.05,Yes
6388-TABGU,Male,0,No,Yes,62,Yes,DSL,One year,No,Bank transfer (automatic),56.15,3487.95,No
9763-GRSKD,Male,0,Yes,Yes,13,Yes,DSL,Month-to-month,Yes,Mailed check,49.95,587.45,No
7469-LKBCI,Male,0,No,No,16,Yes,No,Two year,No,Credit card (automatic),18.95,326.8,No
8091-TTVAX,Male,0,Yes,No,58,Yes,Fiber optic,One year,No,Credit card (automatic),100.35,5681.1,No
0280-XJGEX,Male,0,No,No,49,Yes,Fiber optic,Month-to-month,Yes,Bank transfer (automatic),103.7,5036.3,Yes
5129-JFDZT,Male,0,No,No,25,Yes,Fiber optic,Month-to-month,Yes,Electronic check,105.5,2686.05,No
3655-SNQYZ,Female,0,Yes,Yes,69,Yes,Fiber optic,Two year,No,Credit card (automatic),113.25,7895.15,No
8191-XWSZG,Female,0,No,No,52,Yes,No,One year,No,Mailed check,20.65,1022.95,No
9959-WOFKT,Male,0,No,Yes,71,Yes,Fiber optic,Two year,No,Bank transfer (automatic),106.7,7382.25,No
4190-MFLUW,Female,0,Yes,Yes,10,Yes,DSL,Month-to-month,No,Credit card (automatic),55.2,528.35,Yes
4183-MYFRB,Female,0,No,No,21,Yes,Fiber optic,Month-to-month,Yes,Electronic check,90.05,1862.9,No
8779-QRDMV,Male,1,No,No,1,No,DSL,Month-to-month,Yes,Electronic check,39.65,39.65,Yes
1066-JKSGK,Male,0,No,No,1,Yes,No,Month-to-month,No,Mailed check,20.15,20.15,Yes
6467-FLFSP,Male,0,No,No,12,Yes,DSL,Month-to-month,Yes,Electronic check,55.55,672.2,No
8665-UTDHZ,Male,0,Yes,Yes,1,No,DSL,Month-to-month,No,Electronic check,30.2,30.2,Yes
7363-SVTIQ,Male,0,No,No,1,Yes,DSL,Month-to-month,No,Mailed check,44.45,44.45,Yes
4976-FOKUN,Male,0,Yes,Yes,15,Yes,No,Two year,No,Bank transfer (automatic),19.9,302.25,No
8012-SUDTG,Female,0,Yes,Yes,46,Yes,DSL,Two year,No,Credit card (automatic),74.4,3421.25,No
3186-AJIEK,Male,0,No,No,66,Yes,Fiber optic,Two year,Yes,Bank transfer (automatic),105.65,6886.25,No
3791-LGQCY,Female,1,Yes,No,1,Yes,Fiber optic,Month-to-month,Yes,Electronic check,101.9,101.9,Yes
2568-BRBDW,Female,0,No,No,6,Yes,DSL,Month-to-month,No,Mailed check,54.85,348.65,Yes
5380-WTCXP,Female,0,No,No,13,Yes,Fiber optic,Month-to-month,Yes,Electronic check,80.85,1008.7,Yes
4958-XBAPZ,Male,0,Yes,Yes,63,Yes,No,Two year,No,Mailed check,20.25,1242.75,No
4080-IIARE,Female,0,Yes,No,70,Yes,DSL,Two year,No,Credit card (automatic),73.55,5212.65,No
6942-LIIRO,Female,0,No,No,22,Yes,Fiber optic,Month-to-month,Yes,Electronic check,90.25,2021.25,Yes
5442-BXVND,Male,0,Yes,No,35,Yes,DSL,One year,Yes,Mailed check,60.15,2148.9,No
6432-TWQXN,Male,1,No,No,29,Yes,Fiber optic,Month-to-month,Yes,Electronic check,95.1,2800.45,Yes
7672-SVLFS,Female,0,No,No,3,Yes,DSL,Month-to-month,Yes,Electronic check,55.15,162.4,Yes
9253-VBDJR,Female,0,Yes,Yes,50,Yes,DSL,Two year,No,Bank transfer (automatic),65.25,3210.5,No
1891-QRDES,Male,0,No,No,18,Yes,Fiber optic,Month-to-month,Yes,Electronic check,88.4,1590.25,Yes
4801-JZAZL,Female,0,Yes,Yes,11,No,DSL,Month-to-month,Yes,Electronic check,29.85,301.65,No
8361-LTMKD,Male,1,Yes,No,1,Yes,Fiber optic,Month-to-month,Yes,Mailed check,74.4,74.4,Yes
3192-NQECA,Male,0,Yes,Yes,68,Yes,Fiber optic,Two year,Yes,Bank transfer (automatic),110.0,7611.85,No
1904-WAJAA,Female,0,Yes,Yes,24,Yes,DSL,Two year,Yes,Credit card (automatic),64.35,1558.65,No
9637-EYZWZ,Female,0,No,No,12,Yes,Fiber optic,Month-to-month,Yes,Electronic check,100.6,1230.1,No
6440-DKCAA,Male,0,Yes,Yes,37,Yes,DSL,One year,No,Credit card (automatic),61.65,2280.9,No
2075-PUEPR,Male,0,Yes,Yes,1,Yes,No,Month-to-month,No,Mailed check,19.3,19.3,No
7760-OYGDW,Female,0,Yes,Yes,72,Yes,Fiber optic,Two year,Yes,Credit card (automatic),108.95,7865.2,No
6369-MCAXZ,Male,0,No,No,4,Yes,No,Month-to-month,No,Mailed check,20.4,85.2,No
5959-DFLFR,Male,0,Yes,Yes,70,Yes,Fiber optic,Two year,Yes,Bank transfer (automatic),107.5,7450.0,No
8865-TNMNX,Male,0,Yes,Yes,10,Yes,DSL,Month-to-month,No,Mailed check,49.55,475.7,No
